coefficient,pvalue,policy,var
-0.0010551662735792603,0.16431519852815923,2,num_visits_wt
0.0007886862830902108,0.3779322088132986,2,num_visits_wt
0.0009837210311399816,0.24846659098949586,2,num_visits_wt
0.0012966738654881114,0.05254076759814663,2,num_visits_wt
-0.00013415350785646652,0.7818108572343128,2,num_visits_wt
-0.00025186847294528323,0.7720060132022224,2,num_visits_wt
-0.000808485941965785,0.47610744484929945,2,num_visits_wt
0.00015310076897329225,0.8309391470865048,2,num_visits_wt
-0.0003141722642970804,0.6773048261977888,2,num_visits_wt
0.0001637081501786241,0.8739920213725079,2,num_visits_wt
-0.0008009921613145903,0.1416483600870193,2,num_visits_wt
0.0009160461742074643,0.2242954999632949,2,num_visits_wt
-0.0006159745588001253,0.34029402118173757,2,num_visits_wt
-0.00033679758944839256,0.772139555167151,2,num_visits_wt
0.0009070961004134191,0.2742780385324872,2,num_visits_wt
-0.0002593189045665039,0.527091969973291,2,num_visits_wt
0.0005823614644171037,0.36417202427109174,2,num_visits_wt
-0.0009149874595008095,0.35074194427740535,2,num_visits_wt
0.0008101325134282224,0.07978915439912693,2,num_visits_wt
-8.762608195903184e-05,0.8842867547947479,2,num_visits_wt
0.0011639324193100048,0.24542436985313332,2,num_visits_wt
0.001028732407931771,0.15193543011347144,2,num_visits_wt
0.00023899130713447744,0.6752721911463768,2,num_visits_wt
0.0007094450548890641,0.2133996390018882,2,num_visits_wt
-0.00031193002972077535,0.6817270697189901,2,num_visits_wt
0.001062938363879211,0.2414399930424671,2,num_visits_wt
-0.00028673192492837096,0.7814462437059162,2,num_visits_wt
-2.5049288209540462e-05,0.9789422331855544,2,num_visits_wt
0.00019075496497703338,0.7443889001987807,2,num_visits_wt
-0.0007760386842116904,0.36249219730253124,2,num_visits_wt
0.0014687207336890606,0.15993386660316466,2,num_visits_wt
0.00018664735812142476,0.8033319895854663,2,num_visits_wt
0.00018434056950540932,0.8169965946655553,2,num_visits_wt
-0.0023567301963342943,0.0036433466217633548,2,num_visits_wt
0.000270378468172031,0.6886836095670161,2,num_visits_wt
-0.0005672551493913192,0.4008365516592933,2,num_visits_wt
-0.00034835275919933297,0.6097190986686081,2,num_visits_wt
0.000755012987416244,0.3987171039903241,2,num_visits_wt
8.05113538442034e-05,0.8810114589659932,2,num_visits_wt
-0.001391765840433653,0.06887798938041723,2,num_visits_wt
2.2436956528762376e-05,0.983027301567744,2,num_visits_wt
-0.0012566132690588552,0.11157523571536854,2,num_visits_wt
0.0006896169069950329,0.3395723943792719,2,num_visits_wt
-0.00044056987382979994,0.6494294194845922,2,num_visits_wt
-0.0003537546459002123,0.548479815965891,2,num_visits_wt
0.00015151296193847478,0.8542152630296491,2,num_visits_wt
-1.8836632364065866e-05,0.9846736978671926,2,num_visits_wt
0.0004530625231631295,0.5504702777183881,2,num_visits_wt
0.0007247530984645462,0.4794295137119655,2,num_visits_wt
-0.00036264991732265804,0.6248882249973566,2,num_visits_wt
-0.0007404955233895825,0.25452118305405014,2,num_visits_wt
-0.0005908521723265549,0.4189689254831417,2,num_visits_wt
0.0006058802620136512,0.5027512699070498,2,num_visits_wt
-8.715354198903922e-05,0.8883640457144468,2,num_visits_wt
-0.00023099240688743963,0.7615924831825343,2,num_visits_wt
0.00030204273283145343,0.546259629084415,2,num_visits_wt
-3.7388526135589e-05,0.9655491250015793,2,num_visits_wt
-7.782623111410575e-05,0.9162713176532125,2,num_visits_wt
0.0004777936870930313,0.4994958587348677,2,num_visits_wt
2.1724678058005005e-05,0.9751996135609216,2,num_visits_wt
0.00016152957678877903,0.7988223083747692,2,num_visits_wt
0.0001447404820196848,0.821450688003942,2,num_visits_wt
-0.00012557687735366925,0.8649972779658301,2,num_visits_wt
-0.0008193679092297993,0.2998638972577843,2,num_visits_wt
0.00036618243061186957,0.5197229736348221,2,num_visits_wt
0.0007309906441404305,0.28544757977981616,2,num_visits_wt
0.00016129753955115064,0.8233244263187525,2,num_visits_wt
0.0008410911532771902,0.3389818177186601,2,num_visits_wt
0.00102262694527337,0.16194838798769418,2,num_visits_wt
0.00019896185634277221,0.8642035400917756,2,num_visits_wt
-0.0001901022939824804,0.7701194164427279,2,num_visits_wt
0.00028055174153296007,0.5407970220371419,2,num_visits_wt
-0.00024308073402208068,0.7039545996012553,2,num_visits_wt
-0.00034746611909457925,0.49291619627179273,2,num_visits_wt
0.0006462065807009039,0.3358417472653923,2,num_visits_wt
-8.900401470410515e-05,0.9192980350525328,2,num_visits_wt
-0.0008309774268956559,0.2827437737865863,2,num_visits_wt
0.00035507853920815083,0.5946097811204845,2,num_visits_wt
-0.0015522824870486114,0.00010682660802263655,2,num_visits_wt
2.6384185124547964e-06,0.9960422183324529,2,num_visits_wt
-0.0012087137839182694,0.2348809863934891,2,num_visits_wt
0.000811830365388664,0.35534309773048456,2,num_visits_wt
-4.569021305018804e-05,0.9517723318120543,2,num_visits_wt
0.000992492668406354,0.2151428093399601,2,num_visits_wt
-0.00041803241770362363,0.4043916415417206,2,num_visits_wt
0.0005861429813199669,0.5347198638636061,2,num_visits_wt
0.0013494254630216052,0.1457297489253886,2,num_visits_wt
-0.00047962561725370736,0.4830685952305387,2,num_visits_wt
0.0013648506273766985,0.111492620008389,2,num_visits_wt
-0.0003553158962813842,0.5561305112831758,2,num_visits_wt
-0.00044930239378543086,0.5067180103841202,2,num_visits_wt
0.0007570992035058036,0.3054013800663422,2,num_visits_wt
0.0005077598999901978,0.5097824230164585,2,num_visits_wt
-0.0018784752633638586,0.0021161948868424485,2,num_visits_wt
-0.0009981725430693194,0.047981774522040554,2,num_visits_wt
-0.001198053679280303,0.07457650957584572,2,num_visits_wt
-0.00040205064516823496,0.6943482006248891,2,num_visits_wt
-0.0005419671351424523,0.3017944520867246,2,num_visits_wt
-7.918602548661276e-05,0.8767200923398788,2,num_visits_wt
0.0004950095869545591,0.6009899186694554,2,num_visits_wt
0.0009087682906239459,0.1059170860695946,2,num_visits_wt
1.5571113842532898e-05,0.9843166735428264,2,num_visits_wt
-0.0006672089022395778,0.11775567935133413,2,num_visits_wt
-0.002164147065638179,0.03136765306420286,2,num_visits_wt
-0.0003568686664022945,0.6044763607714301,2,num_visits_wt
0.00033321165646774445,0.6804766250543457,2,num_visits_wt
-0.000637463041562085,0.3038459717380273,2,num_visits_wt
0.0008861619604965095,0.210776460471779,2,num_visits_wt
-0.0006564960279516554,0.5079624970695422,2,num_visits_wt
0.0012056140963913671,0.04313406111392082,2,num_visits_wt
0.0005503890283846902,0.5307339705546528,2,num_visits_wt
0.0021031863369516957,5.2392514593435635e-05,2,num_visits_wt
0.0003708096532061193,0.6417052082441392,2,num_visits_wt
0.0013327780868292334,0.19899152211397553,2,num_visits_wt
-7.101432233151929e-05,0.9496746152664777,2,num_visits_wt
-0.00039014231962936546,0.6794015836831624,2,num_visits_wt
0.0005128188691960834,0.5808736421184593,2,num_visits_wt
0.0003376129690570099,0.40774610953570534,2,num_visits_wt
-4.3322551093772846e-05,0.9391464602170687,2,num_visits_wt
4.048227271620949e-05,0.977137299547387,2,num_visits_wt
-0.0018686642380770098,0.05781376001739491,2,num_visits_wt
-0.0004007744356267222,0.7517652047905838,2,num_visits_wt
-0.0010883987458385673,0.12362210114320993,2,num_visits_wt
0.0008259578672968954,0.29416040655977405,2,num_visits_wt
-0.0007545758357408028,0.2702023022015956,2,num_visits_wt
0.00021355593664565615,0.8634983434259169,2,num_visits_wt
-0.0017760999713672429,0.005873909657443166,2,num_visits_wt
-0.0007412206681125544,0.4113719133338689,2,num_visits_wt
0.0009956683098671245,0.18009919927951978,2,num_visits_wt
-0.00015814814843126247,0.824309877332065,2,num_visits_wt
-0.0004352390783048858,0.6895080795976649,2,num_visits_wt
-8.106771808081148e-05,0.917166103739556,2,num_visits_wt
0.0006270804276680434,0.4431710395858528,2,num_visits_wt
0.0004921122036235052,0.6231482421250407,2,num_visits_wt
-0.000532308602521586,0.4931734941285155,2,num_visits_wt
0.00022938636827209922,0.7683658585865036,2,num_visits_wt
-0.0005407113438443293,0.22197538550936136,2,num_visits_wt
0.0011285550124863976,0.10743460937914717,2,num_visits_wt
0.0009446759103838902,0.17985306870761253,2,num_visits_wt
-0.000993343300750636,0.08782222883116031,2,num_visits_wt
0.00022060563078291648,0.8326169429710384,2,num_visits_wt
-0.0010589031618725272,0.049660577793610106,2,num_visits_wt
-0.0009958773477116078,0.3217098025101166,2,num_visits_wt
0.0004234970939795699,0.644937584646176,2,num_visits_wt
0.001329801561873634,0.023046784468771175,2,num_visits_wt
0.00038063554959164535,0.6982593411216247,2,num_visits_wt
0.0008392649767350018,0.16521938192207442,2,num_visits_wt
-0.00032308384444479116,0.741411961903772,2,num_visits_wt
-0.0004676870101940365,0.6304573860239557,2,num_visits_wt
0.0003880209127421698,0.5836350928741052,2,num_visits_wt
0.0012996869937853706,0.136369086071515,2,num_visits_wt
0.001255192923585459,0.07453419565897579,2,num_visits_wt
0.000408355137718659,0.541861672549407,2,num_visits_wt
0.00044043351927597595,0.6041877822715909,2,num_visits_wt
0.00044899132611445763,0.4016638648200255,2,num_visits_wt
0.001843477111295209,0.01618640590217324,2,num_visits_wt
-0.0017654920471471675,0.06763624070612373,2,num_visits_wt
-0.0009339154811487108,0.21701370772618334,2,num_visits_wt
-0.0005526516221240215,0.5383009855407177,2,num_visits_wt
-0.0002011522883731517,0.7762103768401385,2,num_visits_wt
0.0016869625405243947,0.01528280057711684,2,num_visits_wt
0.0014198009657806743,0.15320731144971766,2,num_visits_wt
0.0007580518890899907,0.36505623525826625,2,num_visits_wt
-0.0009718138783454309,0.10982662365433371,2,num_visits_wt
-0.00020776263344545425,0.6801520763986408,2,num_visits_wt
9.074283659101316e-05,0.9157871855380226,2,num_visits_wt
-0.0008644041089856701,0.4073714574803742,2,num_visits_wt
0.0006568925179260382,0.4268737335977044,2,num_visits_wt
-0.00018146802829416983,0.8106313966524399,2,num_visits_wt
-0.0006467259783603226,0.6117277834627974,2,num_visits_wt
0.0004982798954334236,0.5107369948239007,2,num_visits_wt
0.000596261450296266,0.31859594217795495,2,num_visits_wt
0.0006811746564102937,0.5286030628060769,2,num_visits_wt
0.0008959876383346118,0.3568430812938599,2,num_visits_wt
0.0002533283298714021,0.6845755285822848,2,num_visits_wt
-0.001847117914675104,0.012599646477673199,2,num_visits_wt
0.001430857524925026,0.253579693305936,2,num_visits_wt
-0.0009411056915568031,0.24485782056792216,2,num_visits_wt
6.307622061809538e-05,0.9300055683983577,2,num_visits_wt
0.000813676496035888,0.34433529217821546,2,num_visits_wt
0.0004236472787486839,0.6974056081672757,2,num_visits_wt
-0.0008353192802014775,0.31088760723305087,2,num_visits_wt
-0.000248875479753417,0.6893709460807456,2,num_visits_wt
0.0013909547763959695,0.2448930092654189,2,num_visits_wt
-0.0025373072348800177,0.0014753902589670354,2,num_visits_wt
-6.0206250633736576e-05,0.9416005803202128,2,num_visits_wt
0.00026444679549787953,0.8108007744214378,2,num_visits_wt
-0.0009080493948314811,0.2389432087306793,2,num_visits_wt
-0.001313260548532121,0.03103473403916257,2,num_visits_wt
-0.001354287342716388,0.2534361657501869,2,num_visits_wt
0.0008057131279584021,0.3524220285664388,2,num_visits_wt
-0.0002942946417331052,0.6207939917767438,2,num_visits_wt
5.9138605340902244e-05,0.9500461935653992,2,num_visits_wt
0.0020731099518229478,0.017701613861277332,2,num_visits_wt
0.0002273887790570326,0.7616982093042901,2,num_visits_wt
0.00017400552407730992,0.6991920943856524,2,num_visits_wt
0.00035696644886653586,0.6612386468884606,2,num_visits_wt
-8.791111889252846e-05,0.9122341501552198,2,num_visits_wt
-0.00018768573337379647,0.8147882105371811,2,num_visits_wt
-0.0004818533465203293,0.5540435221199909,2,num_visits_wt
-0.00013042019194713057,0.8628418698419127,2,num_visits_wt
5.394156818606904e-05,0.935094646242097,2,num_visits_wt
0.0006984252588967634,0.2229658669040322,2,num_visits_wt
-0.0018056062598768023,0.012486792589701423,2,num_visits_wt
0.00021961955290245881,0.7722151319810902,2,num_visits_wt
4.959075470793015e-05,0.9429550719335489,2,num_visits_wt
0.001499226931989857,0.10692108419373869,2,num_visits_wt
-0.0006835543306758519,0.15894148202788694,2,num_visits_wt
-3.691185970238359e-05,0.9596113014156773,2,num_visits_wt
-0.00048335515871187154,0.5906292652186884,2,num_visits_wt
-0.0008289735101834521,0.42628326569975905,2,num_visits_wt
-0.0020355203890091165,0.009563440454233962,2,num_visits_wt
-0.0004374934955013378,0.4126437472229094,2,num_visits_wt
0.0008630729417020442,0.38292157584456743,2,num_visits_wt
-0.001431313160238923,0.06480699708390203,2,num_visits_wt
-0.00020252451841427176,0.7578594662142757,2,num_visits_wt
0.0009402569232212089,0.1490081317461769,2,num_visits_wt
0.0004039898248706872,0.400057719527781,2,num_visits_wt
0.00131306391024998,0.19619743791476463,2,num_visits_wt
-0.00034618888641703964,0.6168980180153198,2,num_visits_wt
-0.000419997311613678,0.3951350919641128,2,num_visits_wt
9.916787129568496e-05,0.9038378122881185,2,num_visits_wt
0.0003747436820320711,0.6046402134411508,2,num_visits_wt
0.0003550557770101507,0.47647562169225566,2,num_visits_wt
-0.0010672753341437167,0.126448262201051,2,num_visits_wt
-0.001000708434986468,0.06987494559623153,2,num_visits_wt
-0.0002117632602060336,0.7836674521864733,2,num_visits_wt
-0.0013749693804276574,0.0973856964502875,2,num_visits_wt
-5.4254019885908105e-05,0.9535063396589147,2,num_visits_wt
0.00012046852100850987,0.8645688175583417,2,num_visits_wt
-0.0009160211661236155,0.19749565988182072,2,num_visits_wt
-0.0008772183588181949,0.2537627226672763,2,num_visits_wt
-0.00010903325434570462,0.9210396169321009,2,num_visits_wt
-0.0004932379816427595,0.30825018526754744,2,num_visits_wt
0.001613503237939185,0.025783550544669076,2,num_visits_wt
0.0005613665587935696,0.33935388930808363,2,num_visits_wt
0.00018767992440907945,0.8309585323682951,2,num_visits_wt
-0.0003858604117055846,0.6970661489949816,2,num_visits_wt
-0.00011946276493774592,0.8788782220062394,2,num_visits_wt
0.0017933459758078861,0.000534204097270008,2,num_visits_wt
0.0013609623150904531,0.002091206331535256,2,num_visits_wt
-0.000521773377022809,0.39599054106955367,2,num_visits_wt
-0.0005327506748359146,0.5003895287246212,2,num_visits_wt
0.0006504949649285825,0.5008638945733028,2,num_visits_wt
0.001162158899910751,0.046637327619831526,2,num_visits_wt
0.000559710116951604,0.24291106356065528,2,num_visits_wt
0.0001596858491294686,0.7608304290522154,2,num_visits_wt
0.0009150381386262003,0.04679212401705746,2,num_visits_wt
0.0011415760818453686,0.1111086765705136,2,num_visits_wt
0.0003378638019917437,0.6459876656628489,2,num_visits_wt
-0.0015617166754773337,0.017163617138555853,2,num_visits_wt
5.805315669133691e-05,0.932700974387964,2,num_visits_wt
0.001749316358206334,0.007185985804728956,2,num_visits_wt
-0.000672565247652915,0.34422272429989187,2,num_visits_wt
0.0004910737800472212,0.42429533230858607,2,num_visits_wt
7.494922093817576e-05,0.9068720558354566,2,num_visits_wt
5.250855990049303e-05,0.945510307714454,2,num_visits_wt
-0.0006389417497796277,0.5305348792544671,2,num_visits_wt
-0.0012762834541860133,0.001923758848477064,2,num_visits_wt
-0.0007273888623642627,0.34939203681234776,2,num_visits_wt
-0.0003579336764188152,0.5790940763806336,2,num_visits_wt
0.00042109385670911195,0.605198500496837,2,num_visits_wt
0.0009128399279028998,0.3355101185658169,2,num_visits_wt
-0.0005920951166297645,0.33653244076218614,2,num_visits_wt
-0.00015167471654290238,0.8408746890105103,2,num_visits_wt
0.000631175041541506,0.4578669610351198,2,num_visits_wt
0.00027873187613860714,0.6743632361973946,2,num_visits_wt
-0.0014892352035700042,0.1235506957444934,2,num_visits_wt
-0.0007639393407914186,0.32801855119399237,2,num_visits_wt
8.108216849201248e-05,0.84030428387209,2,num_visits_wt
-0.000861724615416537,0.3886031001587935,2,num_visits_wt
-0.0002922621986488985,0.4766392954040084,2,num_visits_wt
0.00046724854466215074,0.5568115783160965,2,num_visits_wt
0.0006245737563192237,0.3875042573629386,2,num_visits_wt
-0.00032743750249595135,0.706952833965073,2,num_visits_wt
-0.00025457756120133326,0.5968925995985532,2,num_visits_wt
-0.000689889800871108,0.40107789539121974,2,num_visits_wt
-0.0002661459793269439,0.767513419648628,2,num_visits_wt
-0.00015686888198443666,0.8659245061778418,2,num_visits_wt
-0.000767416732264615,0.2142883923992296,2,num_visits_wt
-0.0007828080613235966,0.4457621719475533,2,num_visits_wt
0.002476676539056487,1.787050143664537e-05,2,num_visits_wt
-0.00019361675989812145,0.7792267736106064,2,num_visits_wt
0.00027266020347162993,0.6929376926853483,2,num_visits_wt
0.000295024686718302,0.618819273021735,2,num_visits_wt
-0.001040505794170717,0.1027022758125331,2,num_visits_wt
-0.0010208651118228825,0.1482424417543029,2,num_visits_wt
-5.288443716789363e-05,0.9497145749321825,2,num_visits_wt
0.0007903340591700663,0.022564151788305065,2,num_visits_wt
0.0010216023258326175,0.06459066523433821,2,num_visits_wt
-0.0027328971032508868,0.00014442281338733487,2,num_visits_wt
0.000532891991183508,0.5940150923647667,2,num_visits_wt
-0.0005933785835199867,0.5292497529783435,2,num_visits_wt
0.0012641895744277913,0.12405359161077278,2,num_visits_wt
0.0006484102487367491,0.15810848730911742,2,num_visits_wt
9.53708862730383e-05,0.9084762823034855,2,num_visits_wt
-3.3493618086093496e-05,0.9388646609599534,2,num_visits_wt
-0.0002398221603773939,0.7361880601471238,2,num_visits_wt
-0.0003475620873773584,0.7809334079117953,2,num_visits_wt
0.0012545103195957376,0.1829133684783022,2,num_visits_wt
-0.00023865177779363849,0.7723812351118673,2,num_visits_wt
-5.49588653658874e-05,0.9238055043360403,2,num_visits_wt
-0.0007012026104034434,0.3361197909037714,2,num_visits_wt
0.0010939240279314111,0.2770058658907195,2,num_visits_wt
0.0005829364768562337,0.37683031128592215,2,num_visits_wt
0.0003772259581009822,0.6354213584284838,2,num_visits_wt
-0.0002672093911739557,0.652381859513357,2,num_visits_wt
0.0022266449154253517,0.00022119047145507942,2,num_visits_wt
-0.0013319571530926195,0.10340036083901283,2,num_visits_wt
-0.0007813756443005809,0.11299904431952057,2,num_visits_wt
0.0012456626037105122,0.055253775505789804,2,num_visits_wt
-0.0007578002900758375,0.4688588531818265,2,num_visits_wt
-0.00038097249697775304,0.6218296092799704,2,num_visits_wt
0.0014304082841208178,0.04602123256079338,2,num_visits_wt
-0.0003093534620264175,0.6559090419526052,2,num_visits_wt
-0.00048181041932741285,0.5632790561292793,2,num_visits_wt
-0.0006172016039915054,0.3413908900556595,2,num_visits_wt
0.00012223286486779154,0.914767237568852,2,num_visits_wt
-0.0017320025215616507,0.021372017436840807,2,num_visits_wt
3.135109952302116e-05,0.9735714195977929,2,num_visits_wt
0.0014722938959325796,0.17243934390954752,2,num_visits_wt
0.0005699109784729307,0.6039135676320233,2,num_visits_wt
-0.0005446624577910678,0.5556330107898844,2,num_visits_wt
-0.00011922107884337442,0.8597377047780672,2,num_visits_wt
0.0006520759144918209,0.23863761869085298,2,num_visits_wt
0.0008449075386964694,0.27331584564380984,2,num_visits_wt
-0.0004866466826111561,0.3704147402167881,2,num_visits_wt
-0.0003614298450702492,0.5645056420839014,2,num_visits_wt
0.0005401801379466221,0.4385332836604279,2,num_visits_wt
0.0013466838137140258,0.14239022409098245,2,num_visits_wt
-0.0009735092429043162,0.14690227397066424,2,num_visits_wt
-0.001006871043018639,0.17628594868726633,2,num_visits_wt
-0.0002998963570663422,0.6780261658501137,2,num_visits_wt
-0.0005332217807035812,0.3817136827049956,2,num_visits_wt
-0.00029664029767015776,0.4131274452204672,2,num_visits_wt
-0.0011162090196807062,0.3231306989393994,2,num_visits_wt
-0.00010420531287333191,0.8993259352378307,2,num_visits_wt
-0.00025552508647587696,0.6526466630389063,2,num_visits_wt
0.0017809728346560208,0.06935869855365051,2,num_visits_wt
0.0011247671975680323,0.17787890204724022,2,num_visits_wt
0.00051734924046557,0.5285115465316368,2,num_visits_wt
-0.0006064921506520368,0.43001122010915305,2,num_visits_wt
-0.0006660719875722426,0.47476337953418124,2,num_visits_wt
0.0006709479771157921,0.19451246523687882,2,num_visits_wt
0.0009440731320126353,0.16635570682029455,2,num_visits_wt
0.0003572382337290837,0.6096703022413681,2,num_visits_wt
-0.0005977754774337476,0.5343437105725051,2,num_visits_wt
-0.0005447731924447297,0.6371035374940344,2,num_visits_wt
-0.00025632100807756775,0.7223603555165103,2,num_visits_wt
-0.0007105445752500898,0.4861739541167833,2,num_visits_wt
-0.0007053922331586985,0.4480522461224856,2,num_visits_wt
0.0009320567247637246,0.21984733785112054,2,num_visits_wt
0.000456502594375761,0.6427721346186861,2,num_visits_wt
0.0011080151605416901,0.05448530211091174,2,num_visits_wt
-0.00024703303987559254,0.7762080657042156,2,num_visits_wt
0.0005148846849833264,0.505903071486818,2,num_visits_wt
0.00036290507499263825,0.6290254029523799,2,num_visits_wt
0.0005016324666064708,0.32951053894730564,2,num_visits_wt
-0.0011257386608082528,0.23054986248864795,2,num_visits_wt
-0.0012087371366312463,0.09929420408574963,2,num_visits_wt
-0.0004745747400697571,0.38204685353364365,2,num_visits_wt
-6.0308241262099904e-05,0.9379739231282347,2,num_visits_wt
0.0013301722662802226,0.04264683968065297,2,num_visits_wt
0.0005104420507924437,0.592948126196581,2,num_visits_wt
0.0005303862263392876,0.5929492158813927,2,num_visits_wt
0.0007134558015117604,0.5007105424511527,2,num_visits_wt
0.0003947081133492428,0.6560176737841159,2,num_visits_wt
0.0008946996408033876,0.321226051270304,2,num_visits_wt
0.0002479492560514725,0.6432369246625915,2,num_visits_wt
-2.4284488771476268e-05,0.9712027468884323,2,num_visits_wt
0.0011428077424063497,0.16962617058054308,2,num_visits_wt
0.0009167708287897837,0.08963006875648816,2,num_visits_wt
-0.0016600122934311307,0.0326628838536025,2,num_visits_wt
-0.00012373687590704755,0.9174624285748887,2,num_visits_wt
0.0008290337043155566,0.12366296933052734,2,num_visits_wt
-0.0001396639236166475,0.8943662964119186,2,num_visits_wt
0.0016670844456161387,0.08250884468762965,2,num_visits_wt
-0.0015360894124557144,0.07930373156159964,2,num_visits_wt
0.00017996355845298703,0.8012763453380223,2,num_visits_wt
-0.0006672514068372878,0.4301591165417671,2,num_visits_wt
-0.00017548302769394627,0.7513531402133029,2,num_visits_wt
0.0013069738616392772,0.0034315186573927736,2,num_visits_wt
-0.0007537911922892986,0.26049423964504825,2,num_visits_wt
-0.000984280410815187,0.11669285769224813,2,num_visits_wt
0.0005826457127109326,0.4786097905077322,2,num_visits_wt
0.0012070874293611095,0.15181709472246085,2,num_visits_wt
0.00019855682745720154,0.7709412466461867,2,num_visits_wt
0.0016494609421351765,0.00015264080278010184,2,num_visits_wt
0.000398823886092882,0.6927624567948725,2,num_visits_wt
8.212889901427327e-05,0.9376858076438057,2,num_visits_wt
-2.9962681754856303e-05,0.9755213616294185,2,num_visits_wt
0.0016761117837364445,0.011960512777601906,2,num_visits_wt
0.0017740360277029694,0.028326729711222853,2,num_visits_wt
5.9413679757647945e-05,0.9219005734379879,2,num_visits_wt
0.00016778621086247173,0.7942239587099644,2,num_visits_wt
-0.0009722430573074595,0.3809324082557861,2,num_visits_wt
0.0010049672612535648,0.21541519158045608,2,num_visits_wt
-0.0008927709353930489,0.2959076167509922,2,num_visits_wt
-0.00011566068383602466,0.8649356414875256,2,num_visits_wt
-0.0006984724733624667,0.407271174176274,2,num_visits_wt
0.0018705786606184659,0.004659493386966362,2,num_visits_wt
-0.000733358700715492,0.09985665351539863,2,num_visits_wt
-0.00040430511697594476,0.6238956641664011,2,num_visits_wt
0.0009695148990286371,0.03498560078384294,2,num_visits_wt
-0.0008512014183914667,0.14015662947847374,2,num_visits_wt
0.0011892875133943047,0.029308565500634653,2,num_visits_wt
-0.00040448492749186926,0.5689654423513602,2,num_visits_wt
-8.245054613318306e-06,0.9920038750303064,2,num_visits_wt
-0.000786100715592651,0.21177409781161405,2,num_visits_wt
-0.0003562848213457748,0.670438565383118,2,num_visits_wt
-0.0013080088407755191,0.05036378110963868,2,num_visits_wt
0.000245174656837614,0.796182715925903,2,num_visits_wt
-0.0005442475074218497,0.3436607057043224,2,num_visits_wt
-0.00014172087469432402,0.7948736921414508,2,num_visits_wt
0.00020914884721734875,0.8233311150900133,2,num_visits_wt
0.00061174430306233,0.4452363894210034,2,num_visits_wt
0.0005493022482708778,0.4908638948665751,2,num_visits_wt
-0.00023547563672760702,0.7475825747607703,2,num_visits_wt
-0.0010926590921400076,0.13282564242488037,2,num_visits_wt
-0.000108927886128046,0.9100766871781829,2,num_visits_wt
-9.243217075954133e-05,0.8976353089613169,2,num_visits_wt
0.0005063001131361717,0.38092350881636294,2,num_visits_wt
-0.0007010439456696166,0.34261328883735076,2,num_visits_wt
0.0013397626860180496,0.10322615622518594,2,num_visits_wt
-0.00029222019698362705,0.6511091152944588,2,num_visits_wt
-0.00015815883453454074,0.8396997111510116,2,num_visits_wt
-0.001997730930051678,0.0672596782237933,2,num_visits_wt
-0.0008191260537970704,0.22861892006578088,2,num_visits_wt
9.468794125534283e-05,0.9041485435093883,2,num_visits_wt
-0.0009931450496754337,0.14048898325375214,2,num_visits_wt
-0.0009071352856995333,0.4138291252977342,2,num_visits_wt
-0.0005143713423701297,0.6304465079992223,2,num_visits_wt
0.00028215925479049435,0.6777618340864218,2,num_visits_wt
-0.0004947816221406683,0.5461184596856783,2,num_visits_wt
0.00016015953098324774,0.8391965345648726,2,num_visits_wt
-0.0016712452316440805,0.015563411948609662,2,num_visits_wt
0.0006517214779780309,0.32298173486988535,2,num_visits_wt
0.00018782279030504667,0.7469649418105004,2,num_visits_wt
1.257680582752352e-05,0.982222664195892,2,num_visits_wt
-0.0010589082631706037,0.03716707127355323,2,num_visits_wt
-0.00043316102572595565,0.4708842830529538,2,num_visits_wt
-0.0007031456585054785,0.3161008369608287,2,num_visits_wt
-0.0010754517356451466,0.04047024778886987,2,num_visits_wt
0.0007832131800933414,0.11573778277980229,2,num_visits_wt
-0.0008447176721737481,0.054384613476399,2,num_visits_wt
0.00017414244246726328,0.7611468159755148,2,num_visits_wt
0.0001744430083324768,0.7662466473238603,2,num_visits_wt
-0.0017994498397723448,0.0214911663180144,2,num_visits_wt
-0.00023592162312621975,0.6902604277390341,2,num_visits_wt
-0.0005929420628017505,0.2359358692040594,2,num_visits_wt
0.0011550141271850383,0.13101184649258069,2,num_visits_wt
0.0003499511229571043,0.7612737785675567,2,num_visits_wt
0.0003657003192290267,0.5334259744588967,2,num_visits_wt
-0.0002355253125183973,0.786315573366869,2,num_visits_wt
0.0003500491251089933,0.65068676028462,2,num_visits_wt
-0.0006893829631322254,0.3191366150451658,2,num_visits_wt
3.9889893151568746e-05,0.9702718289937606,2,num_visits_wt
0.0006292037599891902,0.3284383142533942,2,num_visits_wt
-0.0003524288498250289,0.7870803994566444,2,num_visits_wt
-8.464381626568832e-05,0.9012576543067647,2,num_visits_wt
-0.00026161830365947135,0.7544588019409684,2,num_visits_wt
-0.0006181830069703077,0.16394974511758909,2,num_visits_wt
0.00031433245918542694,0.49659557798780174,2,num_visits_wt
0.0007247439860556466,0.2408382483940228,2,num_visits_wt
6.001839174320634e-05,0.8934153590542488,2,num_visits_wt
-0.0004575866195534908,0.6588498708957884,2,num_visits_wt
0.00015479756107672526,0.8766363507512354,2,num_visits_wt
0.00015224087108031616,0.8265845366369233,2,num_visits_wt
-0.0005412251701445274,0.5017477583092655,2,num_visits_wt
-0.00022100639243653267,0.7898708542763968,2,num_visits_wt
0.0003124044102716651,0.4648201787066193,2,num_visits_wt
0.0006366560789147339,0.3256855498730582,2,num_visits_wt
-0.0006855514315208959,0.38321588766160275,2,num_visits_wt
0.0002768415140972387,0.6769804635603403,2,num_visits_wt
-0.00020967621123583444,0.7257497072898977,2,num_visits_wt
0.0013883256519756206,0.22835655148898626,2,num_visits_wt
0.0006021140130307452,0.5391947161955173,2,num_visits_wt
0.0011440484339993282,0.1674140822756076,2,num_visits_wt
0.0013821510350735893,0.27072591371495935,2,num_visits_wt
-9.453104508548728e-05,0.9049234219010267,2,num_visits_wt
-0.0012265809721045092,0.20608150808491232,2,num_visits_wt
-0.0006191814211067245,0.4625536199671849,2,num_visits_wt
0.0004125876560998127,0.7313238006882332,2,num_visits_wt
0.0005711052327015718,0.40497606076288317,2,num_visits_wt
0.000419213524540965,0.5027515299001473,2,num_visits_wt
-0.0007022932617348813,0.18019783686984536,2,num_visits_wt
0.000442067619681322,0.40411496945058323,2,num_visits_wt
-0.0008128983812119785,0.4012044151857799,2,num_visits_wt
-0.001244776997213993,0.050486031338449866,2,num_visits_wt
0.00012680010939566965,0.872898474227334,2,num_visits_wt
7.550683910315853e-06,0.9924253543679786,2,num_visits_wt
-6.518398649246615e-05,0.945388580956539,2,num_visits_wt
0.0017052664640188663,0.0015215241033306182,2,num_visits_wt
-0.0018476929267116204,0.002052262394482085,2,num_visits_wt
0.0015781303653714701,0.030305336001832606,2,num_visits_wt
5.0465875853239645e-05,0.9387327191852,2,num_visits_wt
-0.0002729774369685545,0.6964336347439333,2,num_visits_wt
-0.00020168097023455197,0.7799732669171153,2,num_visits_wt
0.00039548498450367594,0.6036326881777823,2,num_visits_wt
-0.0002771446240095715,0.6443619704601153,2,num_visits_wt
-0.0031983395044201785,0.011989481454959483,2,d_ha_wt
-3.181173584392329e-05,0.9865416434647436,2,d_ha_wt
0.0027151999400508975,0.030542975091048197,2,d_ha_wt
0.00043008953749547227,0.746983543273489,2,d_ha_wt
-0.0006736457592453929,0.6081089255632106,2,d_ha_wt
0.0024040392017732727,0.21814581968991575,2,d_ha_wt
-0.00036138228872151186,0.842213944253511,2,d_ha_wt
-0.001830140379582491,0.07105917144255014,2,d_ha_wt
-0.0018525354591562996,0.24809852839093627,2,d_ha_wt
0.00027553697354888414,0.8434578624020239,2,d_ha_wt
-0.0006185754988113687,0.6525736502370867,2,d_ha_wt
8.035872047013722e-05,0.9594944598992139,2,d_ha_wt
0.0006726967607384684,0.6493090197340989,2,d_ha_wt
0.00105542829735879,0.5057363602458864,2,d_ha_wt
-0.0024452009357469186,0.024378585834226474,2,d_ha_wt
-0.002503839738792758,0.2962924924452164,2,d_ha_wt
-0.0014087335742852358,0.3664086564073519,2,d_ha_wt
-0.0014149042801129598,0.2944746515938126,2,d_ha_wt
0.0007920179246484458,0.3087052065257918,2,d_ha_wt
0.001037183315044411,0.4516153421975255,2,d_ha_wt
0.001985298322499204,0.0568798966068238,2,d_ha_wt
0.0006341620534976038,0.5984205844362709,2,d_ha_wt
0.0008691068628981659,0.5760855230526085,2,d_ha_wt
0.00034845513926623354,0.7813270357956648,2,d_ha_wt
-0.0027077098194580036,0.04299065535740043,2,d_ha_wt
0.000397387711171163,0.6304756102807016,2,d_ha_wt
0.001098109467796546,0.4962017887391632,2,d_ha_wt
-0.00013130959615947603,0.9220065285124177,2,d_ha_wt
-0.0003277696661208407,0.7100089550440059,2,d_ha_wt
-3.424906229150943e-05,0.9816679158462893,2,d_ha_wt
0.002329458311667519,0.10728728278528687,2,d_ha_wt
0.002374675316055437,0.08506043515037032,2,d_ha_wt
-0.0012617052908721115,0.3334358006709697,2,d_ha_wt
-0.0018231836699858378,0.06022418139688246,2,d_ha_wt
0.0015290516636196922,0.22445303471060707,2,d_ha_wt
-0.00017719848546570558,0.9014241583427216,2,d_ha_wt
0.0011488234907882486,0.43004094475925214,2,d_ha_wt
0.0006474564663895211,0.23465569444736367,2,d_ha_wt
0.0023689494993480837,0.15372989888494093,2,d_ha_wt
0.0019039023464161794,0.022915561715950883,2,d_ha_wt
-0.001469410882570918,0.13704725885926683,2,d_ha_wt
0.0019908340472792776,0.14659604876270427,2,d_ha_wt
9.111233114432018e-05,0.9645396710990757,2,d_ha_wt
-0.0008394939253529665,0.5228340892080412,2,d_ha_wt
0.001143200024035957,0.2791323565718027,2,d_ha_wt
0.0013834823168026697,0.5136919897997863,2,d_ha_wt
-0.003725081021870195,0.009207183315393053,2,d_ha_wt
0.0019848090940295803,0.23464500883449668,2,d_ha_wt
-0.000280323955091373,0.8439880414199847,2,d_ha_wt
0.002004872952913051,0.02364876037813035,2,d_ha_wt
-0.0015100656211380823,0.12970504679991524,2,d_ha_wt
-0.0009087727448046075,0.5684648815561864,2,d_ha_wt
-0.0008579533363247693,0.28137780826384007,2,d_ha_wt
-0.0012577751069685055,0.3432552684068546,2,d_ha_wt
-0.0004812317985722789,0.7872303154114237,2,d_ha_wt
0.0010972929205967194,0.4639906886812277,2,d_ha_wt
0.0007843740567087784,0.5215559360252773,2,d_ha_wt
-0.0005634252705982888,0.6654013625187947,2,d_ha_wt
0.0036046475726502305,0.02786565618732384,2,d_ha_wt
-0.00023972042786292027,0.8495431206220247,2,d_ha_wt
0.0009628157151308755,0.2104743235955966,2,d_ha_wt
-0.00042880761788678185,0.8447527283243692,2,d_ha_wt
-6.400067493273782e-05,0.9567056617546101,2,d_ha_wt
-0.00017449454664984608,0.9089025613531851,2,d_ha_wt
0.0009250245751670769,0.5325892456106645,2,d_ha_wt
0.0005210607475493031,0.6813645278754221,2,d_ha_wt
-0.0011198471727383963,0.461074757590648,2,d_ha_wt
0.0017634128611891688,0.27589856478830743,2,d_ha_wt
0.00030114224164248555,0.7681723985623199,2,d_ha_wt
-0.0016076395855809712,0.31072387924136224,2,d_ha_wt
-7.803747340965196e-05,0.9657382199307765,2,d_ha_wt
-0.0043186209590228165,0.017005850152664204,2,d_ha_wt
0.0002581613534314468,0.8658395377141304,2,d_ha_wt
0.0003734417143004734,0.8292689481893469,2,d_ha_wt
-0.0029998135430407517,0.02807619372847525,2,d_ha_wt
5.318093287308546e-05,0.9658001971817081,2,d_ha_wt
-0.0006276209687744572,0.7503918804749556,2,d_ha_wt
-0.002161584142171601,0.18126496664915548,2,d_ha_wt
0.0019683772248728156,0.15342345622273856,2,d_ha_wt
-0.00010538527891688255,0.9273657101285986,2,d_ha_wt
0.0012783070862453514,0.4256872410947028,2,d_ha_wt
0.0012626609112639103,0.33612726613570443,2,d_ha_wt
-0.0010527605960691275,0.28261254745213504,2,d_ha_wt
-0.0001143413063144816,0.9403906221261462,2,d_ha_wt
-0.0017112361586155561,0.03601444063702064,2,d_ha_wt
0.0003881267377844902,0.7545615264161378,2,d_ha_wt
-0.0014827506517877786,0.42478730603612846,2,d_ha_wt
-0.0010580813624996156,0.5076716478331753,2,d_ha_wt
0.0013934580289152298,0.3407560836195995,2,d_ha_wt
-0.0013189627821129305,0.21250707266758484,2,d_ha_wt
-3.148155753878624e-05,0.9828837655464255,2,d_ha_wt
0.001314719262581483,0.1421127937190283,2,d_ha_wt
-0.00010947865282064171,0.9228030764783233,2,d_ha_wt
-0.0016503210978317778,0.34380929978681607,2,d_ha_wt
-0.00014954974593791228,0.9116817644028685,2,d_ha_wt
0.00034855029546107964,0.7403687828142358,2,d_ha_wt
-0.003705971037837545,0.009130442264571048,2,d_ha_wt
0.0014177219948027875,0.27368095814066473,2,d_ha_wt
0.001943060117400628,0.33904453681468594,2,d_ha_wt
0.00143373162611565,0.17689540269248383,2,d_ha_wt
0.0004967330887937366,0.7454527015253369,2,d_ha_wt
-0.001849787473740847,0.21449332329825843,2,d_ha_wt
-0.0015541919668133316,0.20454770428746682,2,d_ha_wt
-0.0015945687308490666,0.3152946898114881,2,d_ha_wt
-0.00024929446546092116,0.8574823655692012,2,d_ha_wt
0.0008157986059578968,0.48771632471832005,2,d_ha_wt
-0.0010639955905081863,0.1314714621043025,2,d_ha_wt
9.730639670973483e-06,0.9938504187010235,2,d_ha_wt
0.00027978849340914037,0.8272627019002785,2,d_ha_wt
-0.0007672200790371784,0.37843887382754704,2,d_ha_wt
-0.00023046004021742123,0.8676986001846967,2,d_ha_wt
-0.00012635567627344754,0.9477008939785887,2,d_ha_wt
0.0002558609789494517,0.8602930411046597,2,d_ha_wt
-0.0003934302606582956,0.5825823509862886,2,d_ha_wt
0.00060915920090478,0.5182911737008531,2,d_ha_wt
0.000660324190592988,0.715115114915291,2,d_ha_wt
0.0020163220265772283,0.20123787549901806,2,d_ha_wt
-0.0006303120324711999,0.7339947592718368,2,d_ha_wt
-0.0025555582194095113,0.14145473566240696,2,d_ha_wt
-0.003219526081660413,0.024956009316402294,2,d_ha_wt
-0.001121866474474402,0.16622849351124236,2,d_ha_wt
0.0008793941336008441,0.4787583814620826,2,d_ha_wt
-0.0007176044456468803,0.545936727933928,2,d_ha_wt
-0.0006967619784045488,0.30050661376735777,2,d_ha_wt
0.00036921932790480216,0.8269664879466501,2,d_ha_wt
-0.0008280842589556181,0.5724289038621957,2,d_ha_wt
0.00115786962288234,0.2558091393103141,2,d_ha_wt
-0.0010899974015455517,0.47134570112715535,2,d_ha_wt
-0.0002595630334509319,0.8292762091803765,2,d_ha_wt
0.002079958830992523,0.08503196990729744,2,d_ha_wt
-0.001864606976901077,0.15963551355546501,2,d_ha_wt
-0.0002839362781099573,0.8369939068908767,2,d_ha_wt
0.000686685712020081,0.6455150815890018,2,d_ha_wt
-0.00337251071201978,0.003869214726113457,2,d_ha_wt
0.003035529842226118,0.030628536560467934,2,d_ha_wt
0.00020464529031196323,0.8939396061531468,2,d_ha_wt
-0.0005285702157231103,0.6748447495770189,2,d_ha_wt
0.0012376678192203353,0.3862948119914744,2,d_ha_wt
0.0011942377147288162,0.45904652510891175,2,d_ha_wt
-0.003510421918138082,0.040282700010258576,2,d_ha_wt
0.0011033729539986316,0.3674668150652909,2,d_ha_wt
-0.0006365592711460501,0.5512098986568086,2,d_ha_wt
-0.001024330353410905,0.5876915646009309,2,d_ha_wt
-0.0005765248444595117,0.7737824800928725,2,d_ha_wt
0.0008796322803061412,0.6095490430080723,2,d_ha_wt
0.0013484874059649227,0.42868186923999163,2,d_ha_wt
0.00041441154289238805,0.7679110074211213,2,d_ha_wt
-2.203154290881548e-05,0.985138280505587,2,d_ha_wt
0.0017687677271314547,0.1682984034149526,2,d_ha_wt
-0.0007254433038072915,0.5897537417051124,2,d_ha_wt
0.00016910592840530791,0.9056474351152426,2,d_ha_wt
0.0003304341424960471,0.7925819360881066,2,d_ha_wt
-0.0016174921300071852,0.08445805565680731,2,d_ha_wt
0.0017503296128082914,0.05724352700790547,2,d_ha_wt
-0.0005212314402389787,0.5246092205868647,2,d_ha_wt
-0.000697597878047832,0.6868405358689424,2,d_ha_wt
-0.003144546867386079,0.002205520508441916,2,d_ha_wt
0.0008161715379805002,0.42892611816497084,2,d_ha_wt
-0.0030994733210272132,0.04573323208402558,2,d_ha_wt
0.0005520079939471948,0.6464622124372332,2,d_ha_wt
0.0004560211708030754,0.7451452523140609,2,d_ha_wt
0.0005348844633083018,0.7567395063079627,2,d_ha_wt
-0.0016952248880750952,0.08111907074667402,2,d_ha_wt
-0.0015004784032587738,0.2065250423135354,2,d_ha_wt
0.0002667104113704075,0.8888882438605943,2,d_ha_wt
-0.0003107760659590631,0.7603871076464706,2,d_ha_wt
0.003554630957421431,0.011810661078440532,2,d_ha_wt
-0.0009616032689839598,0.5759171972627299,2,d_ha_wt
-0.0006617601931909582,0.7410871764918665,2,d_ha_wt
-0.00013484881658447711,0.9421781600911285,2,d_ha_wt
0.002862270618002864,0.001028976905268486,2,d_ha_wt
-0.0010365605945485124,0.42637081883719175,2,d_ha_wt
0.003559633157029199,0.0002486890721213886,2,d_ha_wt
-0.001547954231373847,0.379424699689908,2,d_ha_wt
-0.0029773392774022286,0.19359572706852912,2,d_ha_wt
0.0001549774327754649,0.9033700995400331,2,d_ha_wt
0.0032879223086710882,0.006759538031899881,2,d_ha_wt
-0.00228248282347675,0.23514333821292843,2,d_ha_wt
0.0019416651582962123,0.22220265288741214,2,d_ha_wt
0.001358910040969468,0.1411068081916409,2,d_ha_wt
-0.000686426289239684,0.5794853229677583,2,d_ha_wt
-0.002699638864058205,0.04538410990602704,2,d_ha_wt
-0.0005673407781781941,0.6746668201907089,2,d_ha_wt
-0.0013799278745150767,0.35687572836878134,2,d_ha_wt
-0.0008056236761581452,0.7174933147485791,2,d_ha_wt
-0.001221165074375628,0.4221395761754212,2,d_ha_wt
-0.0035838094748320472,0.04605191053737134,2,d_ha_wt
-0.0011562523409830877,0.40710571185106925,2,d_ha_wt
-0.00026258056702118895,0.8731300738320702,2,d_ha_wt
0.00033854597722901125,0.7528488452187472,2,d_ha_wt
0.00011998073766073779,0.9310293000960772,2,d_ha_wt
0.0027768522239839995,0.04247095351719987,2,d_ha_wt
0.0007319747710588659,0.6019272461785141,2,d_ha_wt
-0.0008972171703375136,0.4550182691973441,2,d_ha_wt
0.0002895613637045374,0.8277574843000979,2,d_ha_wt
0.0005548182028029482,0.7191999107726801,2,d_ha_wt
0.0005531072863578807,0.6850212102696362,2,d_ha_wt
-0.0011285439855239121,0.34361850952663753,2,d_ha_wt
0.00024010919518917175,0.8762278969701018,2,d_ha_wt
-0.0010229773666076162,0.67611096535099,2,d_ha_wt
0.0022118674150223227,0.05855894642255999,2,d_ha_wt
-0.0010036379089853672,0.5939083184174838,2,d_ha_wt
-0.0001078514930652852,0.945832723992293,2,d_ha_wt
-7.407343009098012e-05,0.944552582029156,2,d_ha_wt
0.0004116653510119327,0.6563367379879277,2,d_ha_wt
0.0001001024807727745,0.9398036842738484,2,d_ha_wt
0.0035101375251333222,0.09388996297311536,2,d_ha_wt
0.0014640074639486289,0.3616464035807221,2,d_ha_wt
-0.0008150201004031115,0.5157107293020469,2,d_ha_wt
0.0004486930056150185,0.782743968630655,2,d_ha_wt
-0.0004171591211310617,0.745822440208908,2,d_ha_wt
0.001682263520665699,0.11147465512241372,2,d_ha_wt
-0.0013864470932563183,0.2909896953878497,2,d_ha_wt
-0.002021259523984567,0.20804758479498497,2,d_ha_wt
0.00028204806111549534,0.8861487515906357,2,d_ha_wt
-0.0010626099862749024,0.399232401416139,2,d_ha_wt
0.0003372430252251864,0.7975246082186556,2,d_ha_wt
-0.0014947745134086953,0.22007423391344672,2,d_ha_wt
-0.0008104313979268989,0.43413024792546895,2,d_ha_wt
-0.0004981594489447305,0.6767076189322987,2,d_ha_wt
0.0005020362677354737,0.7387921704739897,2,d_ha_wt
-0.0001234418491858904,0.9136474346199641,2,d_ha_wt
0.0027638231356362374,0.05975864901466599,2,d_ha_wt
-1.3976274907028999e-06,0.9992899526143793,2,d_ha_wt
0.0008996968840763206,0.24396364495306644,2,d_ha_wt
0.0014205467888482861,0.2720706065037706,2,d_ha_wt
-0.000264430667163002,0.8299489919185816,2,d_ha_wt
0.001698525255998962,0.10788437233021497,2,d_ha_wt
-0.0008198255355913514,0.46867081164307844,2,d_ha_wt
0.002922199217493133,0.07883073440595978,2,d_ha_wt
-0.0006875866925632551,0.7159423699446708,2,d_ha_wt
0.0018936911520375692,0.1520534155868538,2,d_ha_wt
0.0001758909023203375,0.885783607563464,2,d_ha_wt
-0.001867245334247845,0.18699124148828572,2,d_ha_wt
0.00044098181075207025,0.7279594704279897,2,d_ha_wt
-0.0021016488874355988,0.31624665483748626,2,d_ha_wt
-0.0024699078146382535,0.22056454351145138,2,d_ha_wt
-0.00019244629812253082,0.8777390570754648,2,d_ha_wt
0.00022480027048092378,0.8956187503989026,2,d_ha_wt
0.001678448982095359,0.22711231614647076,2,d_ha_wt
0.002573599767508817,0.06917054225219665,2,d_ha_wt
-0.0015632439850385598,0.26573062121020374,2,d_ha_wt
0.0017745870922093187,0.17842242031876565,2,d_ha_wt
-0.0032923389851167847,0.06346232997865031,2,d_ha_wt
0.001601590860354197,0.07036691042784105,2,d_ha_wt
0.0010624310218715991,0.27729309939896774,2,d_ha_wt
-0.0016954029944859057,0.19055254178001335,2,d_ha_wt
0.002498182734262368,0.14036033272946935,2,d_ha_wt
-0.0018040249037921214,0.25770221153564865,2,d_ha_wt
0.002515448213675935,0.02490299160186371,2,d_ha_wt
-0.00046238194598082833,0.7120128007288005,2,d_ha_wt
0.0012228935280237357,0.06789783832110063,2,d_ha_wt
0.0027172819373286645,0.10901978434399373,2,d_ha_wt
0.0005471418760523068,0.6928463465118408,2,d_ha_wt
0.0007473074675148738,0.6119321336754062,2,d_ha_wt
0.0026696549838655203,0.12009238647000098,2,d_ha_wt
0.0006594565441204897,0.6195123809142713,2,d_ha_wt
-0.0008092986991829505,0.540406543950634,2,d_ha_wt
0.0013992266120792826,0.25466920179773567,2,d_ha_wt
-0.0012521806696906828,0.13109028267966427,2,d_ha_wt
-0.0006525160775683734,0.6855226567210195,2,d_ha_wt
4.9493545408308166e-05,0.9766103137943296,2,d_ha_wt
3.488607880523866e-05,0.9744231580917273,2,d_ha_wt
-0.0007238597118078124,0.6430073941754522,2,d_ha_wt
0.0001959992939696909,0.8809865402184511,2,d_ha_wt
0.0006461346760758914,0.6709371469880316,2,d_ha_wt
-0.00034819809407462567,0.855384497785241,2,d_ha_wt
0.0004347538734095707,0.7499513439799868,2,d_ha_wt
-0.0007338853562327423,0.5498016690697947,2,d_ha_wt
-0.002482895899144451,0.06498699653903661,2,d_ha_wt
-0.0011479379804719115,0.16224872276865976,2,d_ha_wt
0.0023034774274398474,0.18454613474278259,2,d_ha_wt
0.0019172253430876562,0.047215828489036715,2,d_ha_wt
0.002679304942520259,0.001392748744871719,2,d_ha_wt
-0.0010046125143328877,0.5124226128257661,2,d_ha_wt
0.001215325533854052,0.35961413383807406,2,d_ha_wt
-0.00018881406607502353,0.91773098503554,2,d_ha_wt
-0.003342391308243441,0.01174785658420996,2,d_ha_wt
-0.0006127924919681305,0.6998977034862763,2,d_ha_wt
-0.0019227645937404342,0.11797338608281538,2,d_ha_wt
-0.0006223148508828155,0.7581264184468444,2,d_ha_wt
0.0025612738390251373,0.025818395853974607,2,d_ha_wt
-0.0026712969443116676,0.0006263253745573127,2,d_ha_wt
-0.002770055207411526,0.15005204131433536,2,d_ha_wt
0.0002540422980876336,0.8792987696750274,2,d_ha_wt
0.0006924222740914483,0.6207750034754713,2,d_ha_wt
-0.0004295355470319455,0.7024187100203012,2,d_ha_wt
-0.002256776410800321,0.09518772600708902,2,d_ha_wt
-0.001691768126024926,0.3733090051420651,2,d_ha_wt
-0.00011371704542889504,0.9319078487578789,2,d_ha_wt
-0.0011259320656390143,0.3847427036266935,2,d_ha_wt
-0.0006179983030266805,0.7907702908670777,2,d_ha_wt
-0.00020225060653206867,0.9028802659186499,2,d_ha_wt
-0.0002225825287224613,0.8701646585860372,2,d_ha_wt
-2.9694502986261146e-05,0.9778958442249646,2,d_ha_wt
0.0007433095422594443,0.6247861816127884,2,d_ha_wt
-0.0005161042843519012,0.6860665518237397,2,d_ha_wt
0.000983761618275739,0.5113896966565894,2,d_ha_wt
0.001491057732625569,0.2910300645496511,2,d_ha_wt
-0.0021103127812856933,0.20510836080331707,2,d_ha_wt
-0.00042925787350162894,0.7333604465118202,2,d_ha_wt
0.00011089915897442455,0.9300859231441063,2,d_ha_wt
0.0011305361400909429,0.3200508216992801,2,d_ha_wt
-0.00020261919383513953,0.9037689409997927,2,d_ha_wt
0.003903490260110955,0.002322283727359764,2,d_ha_wt
-0.0023359658618384758,0.0607557654551536,2,d_ha_wt
0.00023294575989526482,0.8555730627565181,2,d_ha_wt
-2.221640336314063e-06,0.998610358888621,2,d_ha_wt
-0.000298526111161816,0.8348896197083349,2,d_ha_wt
0.00024036382254019365,0.7929582195247775,2,d_ha_wt
0.00303692012712606,0.0015613540653938163,2,d_ha_wt
0.0011119749578271008,0.345215506515566,2,d_ha_wt
0.0006279332399905278,0.7176586109531258,2,d_ha_wt
0.0030072286148281947,0.004675465974206761,2,d_ha_wt
0.0004293822342221127,0.7036840793252199,2,d_ha_wt
0.0018864115537375826,0.10882473310303498,2,d_ha_wt
-0.0007864586619040535,0.4657443817156226,2,d_ha_wt
0.0005598501508249832,0.7647397884032205,2,d_ha_wt
0.0038386497422262795,0.03333896623961463,2,d_ha_wt
-0.002712628509281678,0.017254929282433107,2,d_ha_wt
0.0006620944492543537,0.5795866054568164,2,d_ha_wt
0.0005249753130107475,0.7228865148046562,2,d_ha_wt
0.0014954210507507639,0.23818786928232227,2,d_ha_wt
1.4007972459693253e-05,0.9893479851215607,2,d_ha_wt
-0.002422057431993607,0.08461234684202545,2,d_ha_wt
0.00045790094143117197,0.6397946491410078,2,d_ha_wt
0.00010495572129977279,0.941223127474198,2,d_ha_wt
-0.00021452161086328594,0.857826133802503,2,d_ha_wt
0.0014968742572020952,0.12736810677789712,2,d_ha_wt
0.0004120413803908547,0.7140416260291951,2,d_ha_wt
-0.0015051019860248072,0.16583500455713707,2,d_ha_wt
-0.0005233367616686551,0.672147056730716,2,d_ha_wt
-0.001667914137157756,0.18564690737539458,2,d_ha_wt
0.0009670775555762139,0.5451028338582506,2,d_ha_wt
0.0006398080543759807,0.6435393211426963,2,d_ha_wt
0.0004204353842401374,0.6927320785522131,2,d_ha_wt
0.0014898496571314824,0.29326833661576357,2,d_ha_wt
0.0012752995114018915,0.2157384774917892,2,d_ha_wt
-0.0012778470872320618,0.4530735699477957,2,d_ha_wt
-0.0008913346676616391,0.3927273497613295,2,d_ha_wt
0.0009477988473596114,0.47767395711542937,2,d_ha_wt
-0.0010622094223398126,0.4398285685063339,2,d_ha_wt
0.0018851364135434574,0.1239369427394279,2,d_ha_wt
0.00048814515777507723,0.6492726599766501,2,d_ha_wt
0.00017713160437419812,0.9079709571126426,2,d_ha_wt
0.0027691951457045243,0.06255519634285345,2,d_ha_wt
-0.0015899418020188824,0.2602957435073201,2,d_ha_wt
-0.0008688808587603645,0.5593420461274143,2,d_ha_wt
0.00044878165921337956,0.6295521092025038,2,d_ha_wt
-0.000976808989178255,0.4435569059647717,2,d_ha_wt
0.00035154437418189117,0.7599930814309794,2,d_ha_wt
-3.116399326779749e-05,0.9832126839176318,2,d_ha_wt
0.0003508052190481724,0.8368676843730256,2,d_ha_wt
-0.000657536960278562,0.5540001368521654,2,d_ha_wt
-0.000810538262736295,0.6088307390348362,2,d_ha_wt
-0.0006224861962105026,0.5867629150771054,2,d_ha_wt
-0.0018001756184546054,0.05556322351894183,2,d_ha_wt
0.0024340162017236645,0.07343753454069812,2,d_ha_wt
0.002359693920621428,0.14216770898162667,2,d_ha_wt
-0.0009153330318806769,0.5690534003715473,2,d_ha_wt
0.0010485316148017402,0.46631130588390435,2,d_ha_wt
0.0006262144981953567,0.5146490837478603,2,d_ha_wt
-0.00262425359379255,0.016090017790609368,2,d_ha_wt
-0.0002778108817851799,0.786645532562321,2,d_ha_wt
0.0015884490515113141,0.4494881802059836,2,d_ha_wt
-0.00272158413237296,0.11152239066068992,2,d_ha_wt
-0.0005508150397842171,0.48281228279579214,2,d_ha_wt
-0.0006926439513887205,0.6825902673880107,2,d_ha_wt
-0.001729817257331507,0.2049766684921932,2,d_ha_wt
-0.0018803890160072933,0.08837933573237855,2,d_ha_wt
-0.002220196139435244,0.07114533011979951,2,d_ha_wt
0.00039486087391445553,0.7282780352916554,2,d_ha_wt
-0.0009905680319348491,0.4314116276887865,2,d_ha_wt
0.0019962524186136147,0.26281664081768574,2,d_ha_wt
0.0007091722315762553,0.6492982670610763,2,d_ha_wt
-0.00037399984760325616,0.7835686828845059,2,d_ha_wt
0.002940366011950448,0.008918597238335657,2,d_ha_wt
0.000684645138277378,0.6194053315545933,2,d_ha_wt
4.9166062344149764e-05,0.976278456999091,2,d_ha_wt
-0.00028406281205552283,0.8389766217612322,2,d_ha_wt
0.0005457309034418914,0.6818142008466368,2,d_ha_wt
0.0008116873087019475,0.5483792637360267,2,d_ha_wt
0.0007927846349824744,0.3394896243795391,2,d_ha_wt
0.0003382752245971459,0.7123163189851431,2,d_ha_wt
-0.0008109968490691699,0.37844801101172676,2,d_ha_wt
-0.00038516172489294875,0.7236635349521836,2,d_ha_wt
-0.0005377370835304754,0.47719408233562133,2,d_ha_wt
-0.0005703680430381865,0.5770079295415003,2,d_ha_wt
-0.0003664270156770415,0.8699761662999335,2,d_ha_wt
0.00015535488346576492,0.882633312450916,2,d_ha_wt
-0.001423870618481947,0.3314526907320199,2,d_ha_wt
-0.00032071237368941726,0.7478635288339797,2,d_ha_wt
-0.0001465410666082983,0.9013587197404502,2,d_ha_wt
0.0018852172957325279,0.04508140142274808,2,d_ha_wt
-0.0002254616678883309,0.8375959080299198,2,d_ha_wt
5.5392012721040076e-05,0.9560544993299012,2,d_ha_wt
0.002387807550589278,0.06510513109669236,2,d_ha_wt
-0.002274834970162705,0.06541552934028383,2,d_ha_wt
-0.0009285750114287895,0.3430600539194901,2,d_ha_wt
-0.0013880084991715913,0.1256593726664197,2,d_ha_wt
0.0014151479148780811,0.3246788860215646,2,d_ha_wt
-9.546766807730196e-05,0.9409544836808634,2,d_ha_wt
0.0006442913480427062,0.7293101002561433,2,d_ha_wt
-0.0006373245251134293,0.6304414627579553,2,d_ha_wt
0.003839063429325735,0.006230942184277,2,d_ha_wt
-0.0016100902510404907,0.27296554665504114,2,d_ha_wt
0.00024876047289287823,0.8226419416252873,2,d_ha_wt
0.003948812526764498,0.0012327108601175585,2,d_ha_wt
0.0019519043189182514,0.05354353627056074,2,d_ha_wt
0.000230781839742129,0.7993665687684133,2,d_ha_wt
-0.0012304728614171414,0.335591169097045,2,d_ha_wt
-0.00013458607886713858,0.9167864278080415,2,d_ha_wt
-0.0011347097659047316,0.4652420156579211,2,d_ha_wt
-0.0005366237691569973,0.5226551783826261,2,d_ha_wt
0.0010039295930517936,0.4829121717882221,2,d_ha_wt
-9.893266521020732e-05,0.9298410064323199,2,d_ha_wt
0.00018080591988335252,0.8978607785714006,2,d_ha_wt
-0.001997841210665464,0.15693674834247107,2,d_ha_wt
0.0005677514618884185,0.6923569230339075,2,d_ha_wt
-0.0004871760062254196,0.6763413140141077,2,d_ha_wt
0.0031586160945120223,0.04649460011946016,2,d_ha_wt
0.0013530752384166575,0.23564615662652066,2,d_ha_wt
-0.00012623552163419316,0.9270220555505004,2,d_ha_wt
0.0004124772525541,0.7203262378995978,2,d_ha_wt
-0.001007850657818682,0.4741159550568972,2,d_ha_wt
-0.0016836893309950566,0.08614513036884275,2,d_ha_wt
0.00031088242463895134,0.8543736791543544,2,d_ha_wt
-0.00043246832560768267,0.8195176403518112,2,d_ha_wt
0.0014222180887725705,0.28908420257319145,2,d_ha_wt
-0.0008012676961848578,0.6533223074223016,2,d_ha_wt
-0.0003249050155930349,0.6159838575459109,2,d_ha_wt
0.0012251973240013415,0.37450192270013716,2,d_ha_wt
0.0016526112216305375,0.17857752720199072,2,d_ha_wt
-0.0011795016421049507,0.2508339414610963,2,d_ha_wt
-0.0007047491733114088,0.7071457080770724,2,d_ha_wt
-0.00040520656865962744,0.7591797215276603,2,d_ha_wt
-0.0004622151077550343,0.7474654843294046,2,d_ha_wt
0.0012779336087652042,0.548466973370799,2,d_ha_wt
0.001276639847062131,0.3559010212612257,2,d_ha_wt
-0.0005210016234391164,0.719927936724515,2,d_ha_wt
-0.0010889265120793221,0.5046909779507307,2,d_ha_wt
-0.002681770260266842,0.01533806899182566,2,d_ha_wt
-0.0018328594545701299,0.29275622574140603,2,d_ha_wt
-0.00013920017211078463,0.8846995267302482,2,d_ha_wt
-0.0006414814329428389,0.6651965986618025,2,d_ha_wt
6.914866257027887e-05,0.9469200059953333,2,d_ha_wt
-0.001853150730707633,0.28921525130493064,2,d_ha_wt
0.0007051911601956063,0.621890503352428,2,d_ha_wt
-0.0019941594539672623,0.054456858029744426,2,d_ha_wt
-0.0018791838754361793,0.18315079288593306,2,d_ha_wt
-0.0005447957590414676,0.6264526829440991,2,d_ha_wt
0.00010046704436075088,0.9381218001423046,2,d_ha_wt
0.00230416286122976,0.17385676960871566,2,d_ha_wt
-0.0033901551081188678,0.0005984746741334313,2,d_ha_wt
-0.0002269436639169388,0.8592006485051376,2,d_ha_wt
-0.00022453064394799212,0.887939161572088,2,d_ha_wt
0.0008333632017415576,0.5136177243983013,2,d_ha_wt
0.00034856142538209576,0.7264797634568836,2,d_ha_wt
-0.0035535965211870124,0.03073773149469128,2,d_ha_wt
0.000604424561365714,0.6001689131982042,2,d_ha_wt
0.0008468132877093768,0.434560748555489,2,d_ha_wt
-0.0018148890421445124,0.1704689535904671,2,d_ha_wt
-0.00029970038935956734,0.8168623476608696,2,d_ha_wt
-0.0025908511884836136,0.061341964823524275,2,d_ha_wt
-0.0008727580431475194,0.4291127569893718,2,d_ha_wt
-0.0009064917489275928,0.4418193746020762,2,d_ha_wt
-0.0003802389240866572,0.7684610726363674,2,d_ha_wt
0.001091117671280612,0.4854364570961254,2,d_ha_wt
-0.0007292791732197541,0.44534176591929797,2,d_ha_wt
0.00025749002075765523,0.821353761411145,2,d_ha_wt
0.0016825192081521092,0.1913763475821697,2,d_ha_wt
-0.000219070918919703,0.8541820343051891,2,d_ha_wt
0.001768503208709904,0.24626068962169012,2,d_ha_wt
-0.0017358167366256444,0.2532133607585152,2,d_ha_wt
0.0024391474892907746,0.12294802459492882,2,d_ha_wt
-7.831976847758229e-05,0.9532900833466513,2,d_ha_wt
-0.0005157064040828189,0.6424987845777133,2,d_ha_wt
-0.0011699317947020799,0.19060330485629517,2,d_ha_wt
-0.0010081366568105276,0.4939166377162474,2,d_ha_wt
0.0005995053593802815,0.5162565809442063,2,d_ha_wt
0.0020595539253835437,0.09781427874007997,2,d_ha_wt
0.0017908030949635404,0.3376779411631543,2,d_ha_wt
0.0001101544572186186,0.9225388957881695,2,d_ha_wt
-0.0008761731245940078,0.5815442691223627,2,d_ha_wt
-0.0006521510154496664,0.6374596308772738,2,d_ha_wt
0.0013726485379283704,0.30458984506294207,2,d_ha_wt
0.0005021010188522063,0.707166498213663,2,d_ha_wt
0.0014508277700902377,0.3240153200695377,2,d_ha_wt
0.0008228718133973874,0.6190629727521211,2,d_ha_wt
0.0025232884342619487,0.03842713678150256,2,d_ha_wt
-0.00046977187058691735,0.8290543903419585,2,d_ha_wt
0.002658704467896423,0.13867441443117579,2,d_ha_wt
8.35285783651495e-05,0.8806073753677277,2,d_ha_wt
-0.00011502683066701874,0.9322908317771241,2,d_ha_wt
-0.0010190469016232698,0.1842687162347887,2,d_ha_wt
-0.0006053796340807209,0.6140144815424733,2,d_ha_wt
0.002490190547358081,4.25443819720428e-05,2,d_ha_wt
-0.000302257981912238,0.8435147364023552,2,d_ha_wt
-0.0007951349487306164,0.42473940434807145,2,d_ha_wt
-0.0024027799521214484,0.08142247249615764,2,d_ha_wt
